{
  "mean": { "0": 39.0046728972, "1": 30.6701261682, "2": 1.0953271028 },
  "variance": { "0": 194.9766136781, "1": 37.4891808953, "2": 1.4582024631 }
}
